{
  "_comment": "This is a template for creating analysis rules for Linkx Web Analyzer. Users should edit the values but not add executable code.",
  "rule_name": "Analysis Rule",
  "_comment_rule_name": "Descriptive name of the rule set, appears in logs",  
  "node_label": "Node",
  "_comment_node_label": "Default label of nodes to run the analysis on. Can be overridden per rule in match.node_label",  
  "rules": [
    {
      "id": "RULE_1",
      "_comment_id": "Unique identifier for the rule",      
      "description": "Add a description here.",
      "_comment_description": "Short description of the rule",      
      "type": "SEQUENTIAL",
      "_comment_type": "Type of the rule. Options compatible with analyzer: SEQUENTIAL, PREVIOUS, SELF, CIRCULAR, WINDOWED, PAIRWISE",      
      "match": {
        "node_label": "Node_A",
        "_comment_node_label": "Label of nodes to match for this rule",      
        "group_by": ["Column_A"],
        "_comment_group_by": "Optional: list of properties to group nodes by",        
        "order_by": ["Column_A", "Column_B"],
        "_comment_order_by": "Optional: properties to order nodes by",      
        "window": {
          "size": 1,
          "direction": "FORWARD"
        },
        "_comment_window": "Window size and direction for SEQUENTIAL or WINDOWED rules. direction: FORWARD or BACKWARD"
      },      
      "filter": {
        "mode": "OPTIONAL",
        "_comment_mode": "Filtering mode: OPTIONAL or REQUIRED",        
        "conditions": [
          {
            "property": "Column_A",
            "operator": "EQUALS",
            "value": "active",
            "_comment_condition": "Property, comparison operator (EQUALS, GREATER_THAN, LESS_THAN, NOT_EQUALS), and value to filter nodes"
          }
        ]
      },      
      "relationship": {
        "name": "Relationship_A",
        "_comment_name": "Name of the relationship to create between matched nodes",        
        "direction": "OUT",
        "_comment_direction": "Direction of the relationship: OUT or IN",        
        "properties": {
          "bgcolor": "#d5d276",
          "risk": "medium"
        },
        "_comment_properties": "Optional properties to attach to the relationship"
      },      
      "thresholds": {
        "enabled": false,
        "_comment_enabled": "Enable threshold check for numeric values",        
        "metric": "AMOUNT",
        "_comment_metric": "Property name to compare",        
        "operator": "GREATER_THAN",
        "_comment_operator": "Comparison operator: GREATER_THAN, LESS_THAN, EQUALS",        
        "value": 10000,
        "_comment_value": "Numeric threshold value"
      },      
      "advanced": {
        "allow_self_link": false,
        "_comment_allow_self_link": "If true, nodes can link to themselves",        
        "deduplicate": true,
        "_comment_deduplicate": "If true, duplicate relationships are avoided",      
        "session_scoped": true,
        "_comment_session_scoped": "If true, relationships are scoped to the current analysis session"
      }
    }
  ]
}
